{
  "classes":2,
  "label2train":[
    [0, 0],
    [1, 1]],
  "label":[
    "background",
    "land"],
  "palette":[
    [0, 0, 0],
    [255,172,0]],
  "mean":[
    41.051796,
    38.118932,
    27.896396],
  "std":[
    14.716834,
    11.203519,
    9.985209]
}
